-- MySQL dump 10.13  Distrib 8.0.30, for Linux (x86_64)
--
-- Host: localhost    Database: smishingDb
-- ------------------------------------------------------
-- Server version	8.0.30-0ubuntu0.20.04.2

/*!40101 SET @OLD_CHARACTER_SET_CLIENT=@@CHARACTER_SET_CLIENT */;
/*!40101 SET @OLD_CHARACTER_SET_RESULTS=@@CHARACTER_SET_RESULTS */;
/*!40101 SET @OLD_COLLATION_CONNECTION=@@COLLATION_CONNECTION */;
/*!50503 SET NAMES utf8mb4 */;
/*!40103 SET @OLD_TIME_ZONE=@@TIME_ZONE */;
/*!40103 SET TIME_ZONE='+00:00' */;
/*!40014 SET @OLD_UNIQUE_CHECKS=@@UNIQUE_CHECKS, UNIQUE_CHECKS=0 */;
/*!40014 SET @OLD_FOREIGN_KEY_CHECKS=@@FOREIGN_KEY_CHECKS, FOREIGN_KEY_CHECKS=0 */;
/*!40101 SET @OLD_SQL_MODE=@@SQL_MODE, SQL_MODE='NO_AUTO_VALUE_ON_ZERO' */;
/*!40111 SET @OLD_SQL_NOTES=@@SQL_NOTES, SQL_NOTES=0 */;

--
-- Table structure for table `Comments`
--

DROP TABLE IF EXISTS `Comments`;
/*!40101 SET @saved_cs_client     = @@character_set_client */;
/*!50503 SET character_set_client = utf8mb4 */;
CREATE TABLE `Comments` (
  `id` int NOT NULL AUTO_INCREMENT,
  `nickname` text,
  `comment` text,
  `telldata_id` int DEFAULT NULL,
  `likes` int DEFAULT '0',
  `dislikes` int DEFAULT '0',
  `parentID` int DEFAULT NULL,
  `creationDate` datetime(3) DEFAULT CURRENT_TIMESTAMP(3),
  PRIMARY KEY (`id`),
  KEY `telldata_id` (`telldata_id`),
  CONSTRAINT `Comments_ibfk_1` FOREIGN KEY (`telldata_id`) REFERENCES `Telldata` (`id`)
) ENGINE=InnoDB AUTO_INCREMENT=11 DEFAULT CHARSET=utf8mb4 COLLATE=utf8mb4_0900_ai_ci;
/*!40101 SET character_set_client = @saved_cs_client */;

--
-- Dumping data for table `Comments`
--

LOCK TABLES `Comments` WRITE;
/*!40000 ALTER TABLE `Comments` DISABLE KEYS */;
INSERT INTO `Comments` VALUES (1,'bismirco@gmail.com','Commento 1',1,0,0,NULL,'2022-07-28 14:22:43.645'),(2,'replier','Risposta a commento',1,5,2,1,'2022-07-28 14:23:42.735'),(3,'mirco@mirco','Spam di chiamate',3,0,0,NULL,'2022-07-28 14:28:59.198'),(4,'guest@g','Non rispondono',4,0,0,NULL,'2022-07-28 14:44:25.124'),(5,'bismirco@gmail.com','Solita roba',79,0,0,NULL,'2022-08-01 12:13:30.645'),(6,'bismirco@gmail.com','Rompe',163,0,0,NULL,'2022-08-01 18:44:54.768'),(7,'bismirco@gmail.com','Commento prova',166,0,0,NULL,'2022-08-02 12:28:54.364'),(8,'bismirco@gmail.com','altro commento',166,0,0,NULL,'2022-08-02 20:27:10.192'),(9,'ema@ema','Sicuro',165,0,0,NULL,'2022-08-02 20:34:51.137'),(10,'ema@ema','fastidiosi',166,0,0,NULL,'2022-08-02 20:36:59.318');
/*!40000 ALTER TABLE `Comments` ENABLE KEYS */;
UNLOCK TABLES;

--
-- Table structure for table `Dislikes`
--

DROP TABLE IF EXISTS `Dislikes`;
/*!40101 SET @saved_cs_client     = @@character_set_client */;
/*!50503 SET character_set_client = utf8mb4 */;
CREATE TABLE `Dislikes` (
  `id` int NOT NULL AUTO_INCREMENT,
  `comment_id` int DEFAULT NULL,
  `user_id` int DEFAULT NULL,
  PRIMARY KEY (`id`),
  KEY `user_id` (`user_id`),
  KEY `comment_id` (`comment_id`),
  CONSTRAINT `Dislikes_ibfk_1` FOREIGN KEY (`user_id`) REFERENCES `Users` (`id`),
  CONSTRAINT `Dislikes_ibfk_2` FOREIGN KEY (`comment_id`) REFERENCES `Comments` (`id`)
) ENGINE=InnoDB AUTO_INCREMENT=5 DEFAULT CHARSET=utf8mb4 COLLATE=utf8mb4_0900_ai_ci;
/*!40101 SET character_set_client = @saved_cs_client */;

--
-- Dumping data for table `Dislikes`
--

LOCK TABLES `Dislikes` WRITE;
/*!40000 ALTER TABLE `Dislikes` DISABLE KEYS */;
INSERT INTO `Dislikes` VALUES (1,7,1),(2,8,1),(3,8,17),(4,7,17);
/*!40000 ALTER TABLE `Dislikes` ENABLE KEYS */;
UNLOCK TABLES;

--
-- Table structure for table `Likes`
--

DROP TABLE IF EXISTS `Likes`;
/*!40101 SET @saved_cs_client     = @@character_set_client */;
/*!50503 SET character_set_client = utf8mb4 */;
CREATE TABLE `Likes` (
  `id` int NOT NULL AUTO_INCREMENT,
  `comment_id` int DEFAULT NULL,
  `user_id` int DEFAULT NULL,
  PRIMARY KEY (`id`),
  KEY `user_id` (`user_id`),
  KEY `comment_id` (`comment_id`),
  CONSTRAINT `Likes_ibfk_1` FOREIGN KEY (`user_id`) REFERENCES `Users` (`id`),
  CONSTRAINT `Likes_ibfk_2` FOREIGN KEY (`comment_id`) REFERENCES `Comments` (`id`)
) ENGINE=InnoDB AUTO_INCREMENT=7 DEFAULT CHARSET=utf8mb4 COLLATE=utf8mb4_0900_ai_ci;
/*!40101 SET character_set_client = @saved_cs_client */;

--
-- Dumping data for table `Likes`
--

LOCK TABLES `Likes` WRITE;
/*!40000 ALTER TABLE `Likes` DISABLE KEYS */;
INSERT INTO `Likes` VALUES (1,7,3),(2,7,1),(3,7,11),(4,8,1),(5,7,17),(6,8,17);
/*!40000 ALTER TABLE `Likes` ENABLE KEYS */;
UNLOCK TABLES;

--
-- Table structure for table `Telldata`
--

DROP TABLE IF EXISTS `Telldata`;
/*!40101 SET @saved_cs_client     = @@character_set_client */;
/*!50503 SET character_set_client = utf8mb4 */;
CREATE TABLE `Telldata` (
  `number` varchar(30) DEFAULT NULL,
  `comment` text,
  `type` text,
  `researchs` int DEFAULT NULL,
  `score` int DEFAULT NULL,
  `source` varchar(30) DEFAULT NULL,
  `organization` varchar(31) DEFAULT NULL,
  `id` int NOT NULL AUTO_INCREMENT,
  PRIMARY KEY (`id`)
) ENGINE=InnoDB AUTO_INCREMENT=167 DEFAULT CHARSET=utf8mb4 COLLATE=utf8mb4_0900_ai_ci;
/*!40101 SET character_set_client = @saved_cs_client */;

--
-- Dumping data for table `Telldata`
--

LOCK TABLES `Telldata` WRITE;
/*!40000 ALTER TABLE `Telldata` DISABLE KEYS */;
INSERT INTO `Telldata` VALUES ('+393501528743','trading on line','Pubblicità aggressiva',-1,8,'tellows','',1),('3509700482','\" Enel della zona, vi siete accorti che state pagando di più negli ultimi mesi? Ci deve essere un errore, mi serve il numero del contatore\".','Truffa',2238,8,'tellows','Enel',2),('+39366874515','Una telefonata dietro l\'altra!\nTim\nGas\nLuce\nPlenitude\nEcccc','Truffa',284,8,'tellows','',3),('3792087935','Avete rotto i cosiddetti... Manco al pronto rispondono ivergognosi','Pubblicità aggressiva',8539,8,'tellows','',4),('0284949394','Numero sconosciuto, insistente','Sconosciuto (1)',-1,5,'tellows','',5),('3206775990','Non ho risposto. Mi sono fidato dei commenti','Altro',112,4,'telguarder','',6),('3424112543','Un codice di attivazione a caso.','Altro',310,4,'telguarder','',7),('02124128832','Chiamano ma poi non rispondono a chi chiede loro chi è al telefono...','Altro',234,5,'telguarder','',8),('3485865228','Un agenzia (privata)che si occupa di esperienze Erasmus all’estero\nCo','Sicuro',356,4,'telguarder','',9),('3454223569','Concessionario auto\nCo','Sicuro',17,4,'telguarder','',10),('3495777426','Servizio di riparazione e assistenza elettrodomestici','Sicuro',68,4,'telguarder','',11),('08119751540','E\' un azienda serissima che si occupa di spedizioni, chiamando per programmare nuovi tentativi di consegna dopo che risultiamo assenti a qualche passaggio del corriere.','Sicuro',63,5,'telguarder','',12),('3398888339','Recupero crediti\nCo','Altro',30,10,'telguarder','',13),('3484246406','Rispondi e chiude lui','Truffa / Chiamata preregistrat',762,10,'telguarder','',14),('0289542558','Scocciatori seriali fastidiosi e insistenti, pericolosi e arroganti da denunciare.\nCo','Truffa / Chiamata preregistrat',1057,8,'telguarder','',15),('0265934657','Ma... Basta','Truffa / Chiamata preregistrat',1421,8,'telguarder','',16),('3479983544','Interrompono subito la comunicazione.','Truffa / Chiamata preregistrat',4,10,'telguarder','',17),('3489936805','Chiamano e non rispondono, poi la telefonata si interrompe. Praticamente ogni giorno','Truffa / Chiamata preregistrat',361,10,'telguarder','',18),('3516782262','Ti chiamano per proporti un’offerta di lavoro.. Si tengono sul vago e non si qualificano. Pretendono che il giorno dopo si stia tutto il giorno a fare una prova con il responsabile.. Zona Ciampino.. Classica fregatura di lavoro porta a porta come consulente..\nCo','Truffa / Chiamata preregistrat',9,10,'telguarder','',19),('0857952350','Seri e competenti\nCo','Sicuro',377,1,'telguarder','',20),('0857952350','Agenzia immobiliare Spazio Real Estate\nCo','Sicuro',377,1,'telguarder','Agenzia immobiliare Spazio Real',21),('0274589631','Solo musica poi hanno messo giù','Truffa / Chiamata preregistrat',204,10,'telguarder','',22),('3511995628','Voci registrate irritanti','Telemarketing',48,10,'telguarder','',23),('+393710965423','','Truffa',-1,8,'tellows','',24),('0815132861','','Sconosciuto (1)',-1,7,'tellows','',25),('+393304121700','Voce robotica che dice menzogne, evitare','Pubblicità aggressiva',4145,8,'tellows','',26),('3701201481','Non risposto perché al bbq, richiamato da msg: \"non raggiungibile\". Probabilmente è pubblicità molesta.','Truffa',1203,8,'tellows','',27),('3402418474','non si presenta nessuno...si sente solo la musica','Pubblicità aggressiva',7576,8,'tellows','',28),('3334002590','Non affidabile\nCo','Altro',5233,4,'telguarder','',29),('3512356342','Motivo chiamata problemi legali debiti','Sicuro',641,4,'telguarder','',30),('0286142899','Riagganciano alla risposta','Altro',204,4,'telguarder','',31),('0236048272','Assistenza del sito di vendita online','Sicuro',20,4,'telguarder','',32),('3384041257','Frode dei contratti energia','Truffa / Chiamata preregistrat',2,4,'telguarder','',33),('3398488885','Assistente di ufficio','Sicuro',45,4,'telguarder','',34),('3479988100','Frode dei contratti energia','Truffa / Chiamata preregistrat',4,10,'telguarder','',35),('3482358842','+393482358842 - Bastardi che si divertono a Truffare le persone - si spacciano per la società Vodafone, ma in realtà,, il numero è della TIM.... Chiederò congruo rusarcimento per tentata Truffa - presso gli Uffici competenti della Polizua Postale e lo segnalerò all\'Indipendenza della Finanza e Procura.---// E ora che la capiscono che la devono smettere una volta per tutte a rompere i coglioni alla gente.---// P.U. - CC. ( in pen','Truffa / Chiamata preregistrat',307,4,'telguarder','Vodafone',36),('0284972405','Contratti energia non richiesti e spinti con modalità fraudolente','Truffa / Chiamata preregistrat',3,10,'telguarder','',37),('3518235656','Persona corretta ed educata\nCo','Sicuro',252,4,'telguarder','',38),('01119774029','Chiamano per dare l\'appuntamento per il ritiro dopo la prenotazione effettuata sul loro sito\nCo','Sicuro',8,4,'telguarder','',39),('3486115299','Frode dei contratti energia','Truffa / Chiamata preregistrat',2,10,'telguarder','',40),('366530590','Frode dei contratti energia','Truffa / Chiamata preregistrat',5,10,'telguarder','',41),('3687265312','Ti rubano soldi con la scusa di entrare nel mondo Amazon ti fanno versare piccole quote, poi aumentano e spariscono TRUFFA','Truffa / Chiamata preregistrat',469,8,'telguarder','Amazon',42),('02454001','Non mi interessa','Altro',705,7,'telguarder','',43),('3347078355','Chiamata spia - non rispondono.','Altro',5002,8,'telguarder','',44),('0412532885','Si Spacciano per Wind chiedendo il pagamento di inesistenti bollette non pagate','Truffa / Chiamata preregistrat',686,10,'telguarder','',45),('0494907013','Ufficio upeg padova fronte questura','Sicuro',70,4,'telguarder','',46),('+393444084017','Contratti fuffa energia non richiesti','Truffa',464,8,'tellows','',47),('+393479151960','Call center di Wind.','Pubblicità aggressiva',-1,8,'tellows','Wind',48),('0294567211','Ski\nPerò sono assillanti mi chiameranno almeno 3/4 volte al giorno la prossima telefonata mi sa che li tratto male','Numero serio',32546,4,'tellows','',49),('+390236534342','','Truffa',-1,9,'tellows','',50),('08361910817','terrorismo telefonico','Sconosciuto (2)',106,6,'tellows','',51),('3444084017','Contratti energia non richiesti e spinti con modalità fraudolente','Truffa / Chiamata preregistrat',3,10,'telguarder','',52),('3760481742','Soliti truffatori da 4 soldi e una lira Installate l\'App, ve ne sono in quantità su internet gratis. Potete attivare la funzione blocca chiamate non in rubrica oppure, scegliere le fasce di orario ed escludere le numerazioni che iniziano con......... Tutto gratis. Io l ho installato a persone anziane o persone che non hanno tanta dimistichezza per cui sono vulnerabili a questi attacchi. Se lo stato non ci aiuta perlomeno usiamo gli strumenti che la tecnologia ci offre. FATE IL PASSAPAROLA E SAL','Truffa / Chiamata preregistrat',470,7,'telguarder','PASSAPAROLA',53),('3511943409','Soliti truffatori da 4 soldi e una lira Installate l\'App, ve ne sono in quantità su internet gratis. Potete attivare la funzione blocca chiamate non in rubrica oppure, scegliere le fasce di orario ed escludere le numerazioni che iniziano con......... Tutto gratis. Io l ho installato a persone anziane o persone che non hanno tanta dimistichezza per cui sono vulnerabili a questi attacchi. Se lo stato non ci aiuta perlomeno usiamo gli strumenti che la tecnologia ci offre. FATE IL PASSAPAROLA E SAL','Truffa / Chiamata preregistrat',2988,10,'telguarder','PASSAPAROLA',54),('3381302156','Soliti truffatori da 4 soldi e una lira Installate l\'App, ve ne sono in quantità su internet gratis. Potete attivare la funzione blocca chiamate non in rubrica oppure, scegliere le fasce di orario ed escludere le numerazioni che iniziano con......... Tutto gratis. Io l ho installato a persone anziane o persone che non hanno tanta dimistichezza per cui sono vulnerabili a questi attacchi. Se lo stato non ci aiuta perlomeno usiamo gli strumenti che la tecnologia ci offre. FATE IL PASSAPAROLA E SAL','Truffa / Chiamata preregistrat',389,10,'telguarder','PASSAPAROLA',55),('3388834292','Call center\nCo','Truffa / Chiamata preregistrat',372,10,'telguarder','',56),('3404292804','Mi Anno contattato e Ho Acquistato 2 paio di occhiali, invece ne ho ricevuto solo un paio e non sono nemmeno quelli della pubblicità.(Pessima Qualità) Quindi li considero dei Truffatori..','Truffa / Chiamata preregistrat',561,10,'telguarder','',57),('06264146','Si spacciano per Amazon, vogliono farti investire','Truffa / Chiamata preregistrat',559,10,'telguarder','Amazon',58),('3479988100','Truffa!!! Si spacciano per la sede centrale di Enel Energia, ma prima di firmare qualsiasi contratto ti chiedono di mandare una foto della carta di identità ad un numero cell di iliad!!!! Tramite whats app dove hanno copiato logo Enel..... Non cascateci!!!!!\nCo','Truffa / Chiamata preregistrat',97,10,'telguarder','Enel Energia',59),('0362900558','La risposta al mio \"non ho tempo\": xxxx xx xxxxx!','Truffa / Chiamata preregistrat',274,10,'telguarder','',60),('0809195769','Mi hanno chiesto dei soldi che non dovevo\nCo','Truffa / Chiamata preregistrat',241,6,'telguarder','',61),('3757488123','Frode dei contratti energia','Truffa / Chiamata preregistrat',3,10,'telguarder','',62),('3935509773','Truffa dei contratti','Truffa / Chiamata preregistrat',30,10,'telguarder','',63),('3460240758','Frode dei contratti energia','Truffa / Chiamata preregistrat',4,10,'telguarder','',64),('3298854756','Voce automatica','Altro',3,4,'telguarder','',65),('3394192457','Frode dei contratti energia','Truffa / Chiamata preregistrat',92,10,'telguarder','',66),('3761131689','Ciao, sono stato truffato anche io, se qualcuno é nella mia situazione e mi vuole contattare per provare a risolvere cercatemi su Instagram (lorenzo_pancisi). A me aveva proposto un pezzo di una bici che poi una volta avvenuto il bonifico non mi é mai arrivato\nCo','Truffa / Chiamata preregistrat',311,10,'telguarder','',67),('3357372732','Dovrebbe essere ora di finirla con queste truffe da call center\nCo','Truffa / Chiamata preregistrat',17,10,'telguarder','',68),('3516912291','Mi hanno rubato 100 euro per un prodotto che ne valeva 30, chiamo il numero è mi buttano giù la chiamata numero truffa\nCo','Truffa / Chiamata preregistrat',89,10,'telguarder','',69),('0697858700','disco pre-registrato','Pubblicità aggressiva',9067,8,'tellows','',70),('+393409877891','Probabilmente spam','Sconosciuto (3)',-1,7,'tellows','',71),('+393394072776','MIA SORELLA','Numero serio',-1,1,'tellows','',72),('+393409877891','Probabilmente spam','Sconosciuto (3)',-1,7,'tellows','',73),('0426940702','Ospedale di Adria','Sconosciuto (1)',-1,5,'tellows','',74),('3343212888','','Sconosciuto (1)',-1,7,'tellows','',75),('+393475925944','Dice di essere dell\'ufficio tecnico di tim e poi mi chiede che operatore uso... truffaldina con accento straniero','Pubblicità aggressiva',3536,8,'tellows','',76),('+393408090947','voce registrata','Pubblicità aggressiva',-1,8,'tellows','',77),('0332435543','','Numero serio',-1,2,'tellows','',78),('3498976088','','Truffa',-1,7,'tellows','',79),('+393501464484','Spacca palle','Pubblicità aggressiva',206,8,'tellows','',80),('+393335545900','Spella palle','Pubblicità aggressiva',7318,8,'tellows','',81),('3450472696','chiamata commerciale','Pubblicità aggressiva',829,8,'tellows','',82),('+393475689001','voce registrata e centralino che finge di essere Amazon trattasi di trading informatico alquanto sospetto','Truffa',-1,8,'tellows','Amazon',83),('0283901726','assistenza guasti?boh','Pubblicità aggressiva',2880,8,'tellows','',84),('0815021820','Solo disco e riattaccano, ma diverse volte al giorno!!!!','Pubblicità aggressiva',690,7,'tellows','',85),('+393501796716','Ok non sono nemmeno furbi qualche ora fa sono stato chiamato da questo numero 3501464484, ma non ho risposto perché non rispondo a nessuno, poi leggo i commenti ed scopro che era operatori virtuali, pubblicità aggressiva, adesso mi chiama un altro numero sempre con 350 e numeri finali che rindondano e si assomigliano. È da una settimana che vengo bombardato da numeri diversi, alcuni ancora sconosciuti , altri già segnalati. Comunque io credo che sia sempre la stessa compagnia che usa numeri diversi, con rotture di c...o diverse. Associo i due numeri a questo punto come terrorismo telefonico, (3501464484 , 3501796716). Se non è per telefono è sulla porta di casa con venditori erranti , che vogliono fregarti. Non si può andare avanti così !!!!','Terrorismo telefonico',-1,8,'tellows','',86),('+393479404173','','Ping Call',-1,8,'tellows','',87),('+393389918058','Attenzione truffa\nChiama spacciandosi per il mio operatore luce e dice che DEVO cambiare perché pago 2 sedi differenti\nArroganza e insistente Mi ha fatto 3 telefonate a raffica fino a quando la ho bloccata','Pubblicità aggressiva',2005,8,'tellows','',88),('+393501464484','Spacca palle','Pubblicità aggressiva',207,8,'tellows','',89),('+393314309071','Call center gas/energia\nTi chiedono di cambiare il tuo attuale gestore.\nGentile ma comunque spam telefonico','Sconosciuto (1)',-1,6,'tellows','',108),('+393501521968','Spam! Lasciano messaggi preregistrati nella segreteria chiedendo di essere richiamati per promozioni speciali.','Sconosciuto (1)',-1,7,'tellows','',109),('+393512995938','proposta di offerta tim, digitando un numero richiameranno','Pubblicità aggressiva',4609,8,'tellows','tim',110),('+393468874255','Enel energia pubblicità','Indagine di mercato',74,6,'tellows','Enel',111),('3498976088','solita roba','Pubblicità aggressiva',-1,7,'tellows','',112),('3760483302','Soliti truffatori da 4 soldi e una lira Installate l\'App, ve ne sono in quantità su internet gratis. Potete attivare la funzione blocca chiamate non in rubrica oppure, scegliere le fasce di orario ed escludere le numerazioni che iniziano con......... Tutto gratis. Io l ho installato a persone anziane o persone che non hanno tanta dimistichezza per cui sono vulnerabili a questi attacchi. Se lo stato non ci aiuta perlomeno usiamo gli strumenti che la tecnologia ci offre. FATE IL PASSAPAROLA E SAL','Truffa / Chiamata preregistrata',779,4,'telguarder','PASSAPAROLA',149),('3334741490','Trading on line','Altro',31,4,'telguarder','',150),('3509415650','Call center','Telemarketing',123,10,'telguarder','',151),('3334002590','Non affidabile\nCo','Altro',7151,5,'telguarder','',152),('3334002590','Non affidabile\nCo','Altro',7151,5,'telguarder','',153),('080757722','Frode telefonica','Truffa / Chiamata preregistrata',286,10,'telguarder','',154),('3347814270','Frode telefonica','Truffa / Chiamata preregistrata',16,10,'telguarder','',155),('3501835199','Frode dei contratti energia','Truffa / Chiamata preregistrata',16,10,'telguarder','',156),('3341305386','Frode telefonica','Truffa / Chiamata preregistrata',15,10,'telguarder','',157),('3343859926','Frode dei contratti energia','Truffa / Chiamata preregistrata',16,10,'telguarder','',158),('3389918058','Dicono che hai un debito con il tuo fornitore di energia per farsi dare dati personali','Truffa / Chiamata preregistrata',402,10,'telguarder','',159),('0258326936','Chiedono dati della bolletta elettrica spacciandosi x un agenzia che controlla i prezzi\nCo','Truffa / Chiamata preregistrata',18,10,'telguarder','prezzi\nCo',160),('3342322358','Estremamente maleducati!','Telemarketing',5,10,'telguarder','',161),('3425485293','Propongono colloquio di lavoro per una posizione per cui non mi sono candidato\nCo','Truffa / Chiamata preregistrata',692,10,'telguarder','',162),('3913957071','Consulente multinazionale svizzera, ti vuole proporre buoni vacanza','Telemarketing',184,10,'telguarder','',163),('0645231601','Chiamano continuamente ad ogni ora del giorno. Sono nauseante.\nCo','Truffa / Chiamata preregistrata',1918,9,'telguarder','',164),('3516145210','Perfezionamento contratto già attivo\nCo','Altro',385,4,'telguarder','',165),('3208974123','Scocciatori seriali fastidiosi e insistenti\nCo','Telemarketing',21,10,'telguarder','',166);
/*!40000 ALTER TABLE `Telldata` ENABLE KEYS */;
UNLOCK TABLES;

--
-- Table structure for table `Twittdata`
--

DROP TABLE IF EXISTS `Twittdata`;
/*!40101 SET @saved_cs_client     = @@character_set_client */;
/*!50503 SET character_set_client = utf8mb4 */;
CREATE TABLE `Twittdata` (
  `id` varchar(30) DEFAULT NULL,
  `comment` text,
  `nickname` varchar(40) DEFAULT NULL,
  `creation` date DEFAULT NULL,
  `imageurl` text,
  `imagetext` text,
  `organization` varchar(30) DEFAULT NULL,
  `link` text
) ENGINE=InnoDB DEFAULT CHARSET=utf8mb4 COLLATE=utf8mb4_0900_ai_ci;
/*!40101 SET character_set_client = @saved_cs_client */;

--
-- Dumping data for table `Twittdata`
--

LOCK TABLES `Twittdata` WRITE;
/*!40000 ALTER TABLE `Twittdata` DISABLE KEYS */;
INSERT INTO `Twittdata` VALUES ('1546838749732020226','RT @INPS_it: Sono in corso nuovi tentativi di #truffa tramite #SMS!\n⚠️#Inps per motivi di sicurezza non invia mai SMS con #link.\n#InpsComun…','CosettaGiordano','2022-07-12','','','',''),('1546837278798094336','RT @INPS_it: Sono in corso nuovi tentativi di #truffa tramite #SMS!\n⚠️#Inps per motivi di sicurezza non invia mai SMS con #link.\n#InpsComun…','Nicola_Firenze','2022-07-12','','','',''),('1546832341737381890','RT @INPS_it: Sono in corso nuovi tentativi di #truffa tramite #SMS!\n⚠️#Inps per motivi di sicurezza non invia mai SMS con #link.\n#InpsComun…','HEELARIA','2022-07-12','','','',''),('1546827317498068992','RT @INPS_it: Sono in corso nuovi tentativi di #truffa tramite #SMS!\n⚠️#Inps per motivi di sicurezza non invia mai SMS con #link.\n#InpsComun…','barbaramonti5','2022-07-12','','','',''),('1546826937540218881','RT @INPS_it: Sono in corso nuovi tentativi di #truffa tramite #SMS!\n⚠️#Inps per motivi di sicurezza non invia mai SMS con #link.\n#InpsComun…','SerglocSergio','2022-07-12','','','',''),('1546825989296197633','RT @INPS_it: Sono in corso nuovi tentativi di #truffa tramite #SMS!\n⚠️#Inps per motivi di sicurezza non invia mai SMS con #link.\n#InpsComun…','Albe_1964','2022-07-12','','','',''),('1546821314937344002','RT @INPS_it: Sono in corso nuovi tentativi di #truffa tramite #SMS!\n⚠️#Inps per motivi di sicurezza non invia mai SMS con #link.\n#InpsComun…','de_giovannna','2022-07-12','','','',''),('1546816629778137089','RT @INPS_it: Sono in corso nuovi tentativi di #truffa tramite #SMS!\n⚠️#Inps per motivi di sicurezza non invia mai SMS con #link.\n#InpsComun…','Valter41271244','2022-07-12','','','',''),('1546814900688797697','RT @INPS_it: Sono in corso nuovi tentativi di #truffa tramite #SMS!\n⚠️#Inps per motivi di sicurezza non invia mai SMS con #link.\n#InpsComun…','gio551','2022-07-12','','','',''),('1546813903375572992','RT @INPS_it: Sono in corso nuovi tentativi di #truffa tramite #SMS!\n⚠️#Inps per motivi di sicurezza non invia mai SMS con #link.\n#InpsComun…','susanna769','2022-07-12','','','',''),('1546813095787601923','Sono in corso nuovi tentativi di #truffa tramite #SMS!\n⚠️#Inps per motivi di sicurezza non invia mai SMS con #link.\n#InpsComunica #AttentiAlleTruffe #Smishing https://t.co/EKcCDByGCn','INPS_it','2022-07-12','https://pbs.twimg.com/media/FXdiTaAXEAA3uly.jpg','Per procedere all\'erogazione\nprestazione INPS, gentilmente <\nconfermi i suoi dati anagrafici.\n\nwww.inps.space\n','',''),('1546150385882218497','@BeJustMe Le Poste non mandano mai SMS, è palesemente una truffa','LAlimini76','2022-07-10','','',' Le Poste',''),('1545778595565649921','Buon Giorno ! Anche oggi la truffa quotidiana viaggia via sms  attenzione non cliccare sul link suggerito  pena soldi che se ne vanno e di più https://t.co/pNe7TN3PLQ','techtlt','2022-07-09','https://pbs.twimg.com/media/FXO1cDUWAAUCdVx.jpg','11:45 © @ = = . 68%e\n< Gruppo ISP YW\n\nSabato 9 Luglio\n\nGentile cliente, abbiamo\n\nsospeso temporaneamente\n\nla sua utenza per motivi di\n\nsicurezza. Compili il seguente\n\nmodulo per riattivaria:\nhttps://is.gd/JbqNjR 11:34\n','','https://is.gd/JbqNjR'),('1545734918575095809','@PosteNews Il seguente SMS è attendibile oppure tentativo di phishing/truffa?                                       Gentile Cliente ,è stata rilevata un anomalia ,si prega di compilare il modulo per evitare il blocco https://t.co/YSam906YTz','andrea27669','2022-07-09','','','',''),('1545630105501896704','https://t.co/YBeUCTdJ0K','BlogNews_it','2022-07-09','','','',''),('1545075708279545858','@amdm3 Grazie per la segnalazione. Si tratta di un tentativo di truffa. Poste Italiane non chiede mai attraverso email, lettere, sms o telefonate, di fornire codici di accesso al sito https://t.co/HGn1gCQo98, otp o dati delle carte. Pertanto ti invitiamo a non rispondere al messaggio.','PosteNews','2022-07-07','','',' Poste Italiane',''),('1545073127662682120','SMStruffa @nexipayments ho ricevuto questo SMS che è ovviamente una truffa. Bloccate il sito. Saluto https://t.co/KOs7etOXaH','ClaudioVerniani','2022-07-07','https://pbs.twimg.com/media/FXEz0GOXkAIcZul.jpg','17:49 = SA. Oto F il 4%s\n< @ nexi i\n\nGiovedi 7 Luglio\n\nComunicazione\nNEXIPAY Abbiamo\nuna richiesta di\naccesso in data\n07.07.2022\n\nCy ae) aX) C0\nbloccalo subito\naccedendo a link\nhttps://nexipayweb\nmare)\n\n16:25\n\n[II O <\n',' SA',''),('1545035880175386624','RT @GavinoSanna1967: Truffa via sms: Arbitro Bancario Finanziario dispone rimborso di oltre 35 mila euro per cliente Poste Italiane\n\nhttps:…','ele9061','2022-07-07','','',' Bancario Finanziario Poste It',''),('1544983753910587392','RT @infosec202002: Attenzione agli SMS-truffa a tema INPS!\n #INPS #smishing #SMS #stefanogazzella\n\nhttps://t.co/5MvYkU2wN6','BarbieRapetz1','2022-07-07','','','',''),('1544979699071336453','RT @L4wfulN3rd: Il buon esito di tali campagne criminali è statistico, e deriva da un contesto caratterizzato da un’ampia presenza di bonus…','giacomotesio','2022-07-07','','','',''),('1544976375785951232','RT @infosec202002: Attenzione agli SMS-truffa a tema INPS!\n #INPS #smishing #SMS #stefanogazzella\n\nhttps://t.co/5MvYkU2wN6','ToninoGazzella','2022-07-07','','','',''),('1544975843126136832','Il buon esito di tali campagne criminali è statistico, e deriva da un contesto caratterizzato da un’ampia presenza di bonus richiedibili (e dunque: richiesti) da parte dei cittadini nonché una vasta platea di potenziali vittime inc…https://t.co/CvwSNEe3ke https://t.co/fqamsrWAgX','L4wfulN3rd','2022-07-07','','','',''),('1544955180831182850','RT @infosec202002: Attenzione agli SMS-truffa a tema INPS!\n #INPS #smishing #SMS #stefanogazzella\n\nhttps://t.co/5MvYkU2wN6','edwardIT','2022-07-07','','','',''),('1544932506419417088','Attenzione agli SMS-truffa a tema INPS!\n #INPS #smishing #SMS #stefanogazzella\n\nhttps://t.co/5MvYkU2wN6','infosec202002','2022-07-07','','','',''),('1544734286804389889','RT @disinformatico: La storia degli addebiti mai richiesti via SMS: la truffa partiva molto in alto.','pippopotam0','2022-07-06','','','',''),('1544705834642456582','Come evitare la truffa SMS delle Poste https://t.co/zM098KiQtM https://t.co/ylqgI1bXn0','pomhey','2022-07-06','https://pbs.twimg.com/media/FW_lxWdXoAU6Tm0.jpg',' \n',' Poste https://t.co/zM098KiQtM',''),('1544687693736599556','RT @Digital_Day: Nessuna persona ha mai richiesto servizi a pagamento via SMS: era tutta una truffa https://t.co/xueWipN5po','dariomasiero','2022-07-06','','','',''),('1544681756892225537','@SoniaMystique Le poste non mandano sms...più truffa di cosi....','Mari5859Mari','2022-07-06','','','',''),('1544680188650430464','RT @marcocc: #repost | Qualche mese fa vi avevo spiegato la truffa dietro a questi falsi sms bancari, ancora oggi molto diffusi. Guarda il…','Hackersbun','2022-07-06','','','',''),('1544677611804233729','#repost | Qualche mese fa vi avevo spiegato la truffa dietro a questi falsi sms bancari, ancora oggi molto diffusi. Guarda il video su TikTok per saperne di più. #truffa #phishing https://t.co/yJpTvUo3G1','marcocc','2022-07-06','','','',''),('1544667111389368321','RT @disinformatico: La storia degli addebiti mai richiesti via SMS: la truffa partiva molto in alto.','renestrano','2022-07-06','','','',''),('1544664593452175360','RT @Digital_Day: Nessuna persona ha mai richiesto servizi a pagamento via SMS: era tutta una truffa https://t.co/xueWipN5po','loapbd','2022-07-06','','','',''),('1544642766063403014','RT @Digital_Day: Nessuna persona ha mai richiesto servizi a pagamento via SMS: era tutta una truffa https://t.co/xueWipN5po','faserone','2022-07-06','','','',''),('1544639871914020865','RT @Digital_Day: Nessuna persona ha mai richiesto servizi a pagamento via SMS: era tutta una truffa https://t.co/xueWipN5po','lorismontagner','2022-07-06','','','',''),('1544635980401053696','RT @disinformatico: La storia degli addebiti mai richiesti via SMS: la truffa partiva molto in alto.','ManySkills1701','2022-07-06','','','',''),('1544635911723487232','RT @Digital_Day: Nessuna persona ha mai richiesto servizi a pagamento via SMS: era tutta una truffa https://t.co/xueWipN5po','Mattb973','2022-07-06','','','',''),('1544635555081846786','RT @Digital_Day: Nessuna persona ha mai richiesto servizi a pagamento via SMS: era tutta una truffa https://t.co/xueWipN5po','DaniezSan','2022-07-06','','','',''),('1544634847523753984','La storia degli addebiti mai richiesti via SMS: la truffa partiva molto in alto. https://t.co/hxdDjknxli','disinformatico','2022-07-06','','','',''),('1544624390393962497','Salve, il tuo pacco è stato trattenuto presso il nostro centro spedizione. Si prega di seguire le istruzioni qui: \"http://h5w....\". ... \n #consumo\n\nhttps://t.co/TYXqtzZnwg','QdSit','2022-07-06','','','',''),('1544619532328869894','RT @INPS_it: Sono in corso nuovi tentativi di #truffa tramite #SMS!\n⚠️#Inps per motivi di sicurezza non invia mai SMS con #link.\n#InpsComun…','CRToscana','2022-07-06','','','',''),('1544610877898465282','Nessuna persona ha mai richiesto servizi a pagamento via SMS: era tutta una truffa https://t.co/xueWipN5po','Digital_Day','2022-07-06','','','',''),('1544591845262610433','RT @INPS_it: Sono in corso nuovi tentativi di #truffa tramite #SMS!\n⚠️#Inps per motivi di sicurezza non invia mai SMS con #link.\n#InpsComun…','Ralfmacher','2022-07-06','','','',''),('1544543005985501185','Così funzionava la mega truffa degli sms da 100 milioni https://t.co/ECnNVAarJc','infoiteconomia','2022-07-06','','','',''),('1544543005356564480','Così funzionava la truffa degli sms https://t.co/wmJYtRfABb','infoiteconomia','2022-07-06','','','',''),('1544540302249271296','RT @marcocc: Sta circolando questo sms truffa. I malfattori ci segnalano una spesa che in realtà non abbiamo effettuato e ci invitano ad ap…','PSchirripa','2022-07-06','','','',''),('1544512772041474050','https://t.co/YBeUCTdJ0K','BlogNews_it','2022-07-06','','','',''),('1544327939789037569','Così WindTre truffava sugli sms https://t.co/UdM8gcdvyH','__Naglfar','2022-07-05','','','',''),('1550028166491770880','SMS truffa: ecco come riconoscerli e bloccarli https://t.co/QDQcO7vqxF','_TechDifferent_','2022-07-21','','','',''),('1550026806979309569','SMS truffa: Panda Security ti aiuta a scoprire come funzionano e come bloccarli https://t.co/crLPSHfL5b https://t.co/LYMpKXCrJa','alfio82it','2022-07-21','https://pbs.twimg.com/media/FYLNKs9VQAAu0sd.jpg',' \n','',''),('1550024286982660096','SMS truffa: Panda Security ti aiuta a scoprire come funzionano e come bloccarli https://t.co/GlvaQFvBFt https://t.co/jukz5yiBNA','federiko87','2022-07-21','https://pbs.twimg.com/media/FYLK4AdUUAE3JtE.jpg',' \n','',''),('1550005657662898178','SMS truffa: Panda Security ti aiuta a scoprire come funzionano e come bloccarli https://t.co/KCJn0abDy4','Ucciucci73','2022-07-21','','','',''),('1549775479565074432','SMS truffa, come funzionano e come bloccarli https://t.co/zsvcQELMeL via @macitynet.it','fabiozpp','2022-07-20','','','',''),('1549772769608585218','RT @macitynet: SMS truffa, come funzionano e come bloccarli https://t.co/k9tFep0O00','togone76','2022-07-20','','','',''),('1549761918818287618','FABRIANO - La vittima, un 47enne della provincia di Macerata, si è rivolto ai carabinieri che sono risaliti agli autori della truffa online https://t.co/smRdPVfLtJ','CronacheMc','2022-07-20','','','',''),('1549706563983736833','SMS truffa, come funzionano e come bloccarli - https://t.co/msB6VacIap https://t.co/Czg3iTjlyo','NeoEnigma','2022-07-20','','','',''),('1549701077582417921','https://t.co/uPtod9fFyx','mnotarianni','2022-07-20','','','',''),('1549697283456901120','RT @macitynet: SMS truffa, come funzionano e come bloccarli https://t.co/k9tFep0O00','Dario_Gandini','2022-07-20','','','',''),('1549694121501003776','SMS truffa, come funzionano e come bloccarli https://t.co/k9tFep0O00','macitynet','2022-07-20','','','',''),('1549632812755689473','Con un SMS ti prosciugano il conto corrente : la truffa della bolletta non pagata  https://t.co/WwuveXNuMr','allertapericoli','2022-07-20','','','',''),('1549490242494799876','RT @CeotechI: SMS truffa, come riconoscerli e difendersi\n#Antimalware #Antivirus #Consigli #DatiSensibili #Hacking #Malware #Notizia #Phish…','83napolano','2022-07-19','','','',''),('1549479950327095297','RT @CeotechI: SMS truffa, come riconoscerli e difendersi\n#Antimalware #Antivirus #Consigli #DatiSensibili #Hacking #Malware #Notizia #Phish…','CF22092013','2022-07-19','','','',''),('1549451883475079169','SMS truffa: come funzionano e come difendersi https://t.co/E7MjZ7ReqK','telodogratis','2022-07-19','','','',''),('1549450148580917250','#SMS #truffa: come funzionano e come difendersi\n\nhttps://t.co/iHPmwf4ydW\n\n#tech #smartphone','Giulio_Minotti','2022-07-19','','','',''),('1549436915610419201','RT @DomaniGiornale: Vi è mai capitato di ricevere chiamate, sms o mail da soggetti terzi per convincervi a investire in azioni #Amazon? \n\nA…','PazzoPerDomani','2022-07-19','','','',''),('1549427595015585794','Vi è mai capitato di ricevere chiamate, sms o mail da soggetti terzi per convincervi a investire in azioni #Amazon? \n\nAttenti alla truffa. Il caso raccontato da un lettore di Domani 👇\n\nhttps://t.co/CEufVpOv71','DomaniGiornale','2022-07-19','','','',''),('1549423155369938950','Top story: SMS truffa: Panda Security ti aiuta a scoprire come funzionano e come bloccarli | webcomunicati https://t.co/L8Fyq5gwNy, see more https://t.co/6S9WAtD9Bp','webcomunicati','2022-07-19','','','',''),('1549408756819165195','RT @CeotechI: SMS truffa, come riconoscerli e difendersi\n#Antimalware #Antivirus #Consigli #DatiSensibili #Hacking #Malware #Notizia #Phish…','CeotechI','2022-07-19','','','',''),('1549405950821416961','SMS truffa: Panda Security ti aiuta a scoprire come funzionano e come bloccarli https://t.co/L8Fyq5gwNy','webcomunicati','2022-07-19','','','',''),('1549292633385799680','RT @CeotechI: SMS truffa, come riconoscerli e difendersi\n#Antimalware #Antivirus #Consigli #DatiSensibili #Hacking #Malware #Notizia #Phish…','techie_wiz','2022-07-19','','','',''),('1549292261602738176','SMS truffa, come riconoscerli e difendersi\n#Antimalware #Antivirus #Consigli #DatiSensibili #Hacking #Malware #Notizia #Phishing #Protezione #Sicurezza #Smartphone #Smishing #SMS #Tech #TechNews #Truffa #Truffatori\n\nhttps://t.co/gyGNOZp1rp https://t.co/IDDfnvM9Tn','CeotechI','2022-07-19','https://pbs.twimg.com/media/FYAxGiDWIAAa9uV.jpg',' \n','',''),('1549271346458333185','RT @BibiFabrizio: SMS truffa: Panda Security ci aiuta a scoprire come funzionano e come bloccarli #CyberSecurity #pandasecurity https://t.c…','CyberSecHub0','2022-07-19','','','',''),('1549258870828269574','SMS truffa: Panda Security ci aiuta a scoprire come funzionano e come bloccarli #CyberSecurity #pandasecurity https://t.co/XZ104mawz2 https://t.co/WfSFKHfV60','BibiFabrizio','2022-07-19','https://pbs.twimg.com/media/FYASuv_XgAA2pBR.jpg',' \n','',''),('1549140331538653185','https://t.co/Vz9CmKhzVZ','CSCOMPUTER3','2022-07-18','','','',''),('1549099263015124992','@QueeeN_A @elizha323 @Ele_125 Anche perché il pubblico paga sms e se il vincitore è prestabilito tratterebbesi di truffa.','MangelaVilo','2022-07-18','','','',''),('1549080306459635713','Vi è mai capitato di ricevere chiamate, sms o mail da soggetti terzi per convincervi a investire in azioni #Amazon? \n\nAttenti alla truffa. Il caso raccontato da un lettore di Domani 👇\n\nhttps://t.co/CEufVq65Yz','DomaniGiornale','2022-07-18','','','',''),('1549003719412424706','RT @Digital_Day: Nessuna persona ha mai richiesto servizi a pagamento via SMS: era tutta una truffa https://t.co/xueWipN5po','EnzoEsco','2022-07-18','','','',''),('1548958873305899009','SMS truffa: Panda Security ti aiuta a scoprire come funzionano e come bloccarli https://t.co/9wwUQ6wTv1 https://t.co/57A4XnltbW','smartphone_ita','2022-07-18','https://pbs.twimg.com/media/FX8B4yEXkAgCLXb.png','poor ee\n\n \n','',''),('1548956636756299778','SMS truffa: cosa sono e come bloccarli https://t.co/BFMwyF6b7i','puntotweet','2022-07-18','','','',''),('1547860950140608515','Smishing: come difendersi dalla truffa che arriva tramite SMS #scontrini \nhttps://t.co/hdGzm3lF0t via @PodcastAddict','PodcastTracking','2022-07-15','','','',''),('1550843180223844355','Sono in corso nuovi tentativi di #truffa tramite #SMS!\n⚠️#Inps per motivi di sicurezza non invia mai SMS con #link.\n#InpsComunica #AttentiAlleTruffe #Smishing https://t.co/1Mk6PIZgmu','INPS_it','2022-07-23','https://pbs.twimg.com/media/FYROMHnXoAAnUCy.jpg','1432 AGOaa.\nEROGAZIONI - |.N.PS.\n\n \n\nNome Cognome\n\nData di nascita\n\nGG ~ / MM v-/ Ar WA v\n\nCodice Fiscale\n\nLimit’ 16chara . rs. “he ucters r waining: 16.\n\nSront : Cart. laentit®\n\nS-egli “1e NM ssun file selezionato\n\nAssicu tic’. tutti gli angoli appaiono nella foto e che\ntutti | dai, sul documento siano ben leggibili.\n\nRetro Carta Identita\n\nScegli file Nessun file selezionato\n\nAssicurati che tutti gli angoli appaiono nella foto e che\ntutti i dati sul documento siano ben leggibili.\n\nSelfie con documento in mano\n\nScegli file Nessun file selezionato\n\nTenere il documento di identita in mano pochi cm sotto\nal mento, non coprire il volto.\n\nConferma\n','',''),('1550830593696571393','L’operatore ha cambiato i dati senza il mio consenso, ho espressamente richiesto di non farlo, il numero telefonico per l’invio dei dati di sicurezza è lo stesso di quello usato per la truffa, mi è arrivato un codice per sms senza che ne sapessi il perché #BancoPosta 💩💩💩💩💩💩','Gult74','2022-07-23','','','',''),('1550143002827440138','Panda Security spiega i messaggi smishing: cosa sono e come bloccare gli SMS truffa https://t.co/BwoObspdpv','mondomobileweb','2022-07-21','','','',''),('1550133310076043265','Panda Security spiega i messaggi smishing: cosa sono e come bloccare gli SMS truffa https://t.co/lt6yIwYRv1','TelefoniaTech','2022-07-21','','','',''),('1550035309664034816','SMS truffa: ecco come riconoscerli e bloccarli https://t.co/WjZBQ5gLI1 https://t.co/fVeaEOiUgv','davidenovelli','2022-07-21','https://pbs.twimg.com/media/FYLU5lgXgAQIG2Q.png','poor ee\n\n \n','',''),('1550028166491770880','SMS truffa: ecco come riconoscerli e bloccarli https://t.co/QDQcO7vqxF','_TechDifferent_','2022-07-21','','','',''),('1550026806979309569','SMS truffa: Panda Security ti aiuta a scoprire come funzionano e come bloccarli https://t.co/crLPSHfL5b https://t.co/LYMpKXCrJa','alfio82it','2022-07-21','https://pbs.twimg.com/media/FYLNKs9VQAAu0sd.jpg',' \n','',''),('1550024286982660096','SMS truffa: Panda Security ti aiuta a scoprire come funzionano e come bloccarli https://t.co/GlvaQFvBFt https://t.co/jukz5yiBNA','federiko87','2022-07-21','https://pbs.twimg.com/media/FYLK4AdUUAE3JtE.jpg',' \n','',''),('1550005657662898178','SMS truffa: Panda Security ti aiuta a scoprire come funzionano e come bloccarli https://t.co/KCJn0abDy4','Ucciucci73','2022-07-21','','','',''),('1549775479565074432','SMS truffa, come funzionano e come bloccarli https://t.co/zsvcQELMeL via @macitynet.it','fabiozpp','2022-07-20','','','',''),('1549772769608585218','RT @macitynet: SMS truffa, come funzionano e come bloccarli https://t.co/k9tFep0O00','togone76','2022-07-20','','','',''),('1549761918818287618','FABRIANO - La vittima, un 47enne della provincia di Macerata, si è rivolto ai carabinieri che sono risaliti agli autori della truffa online https://t.co/smRdPVfLtJ','CronacheMc','2022-07-20','','','',''),('1549706563983736833','SMS truffa, come funzionano e come bloccarli - https://t.co/msB6VacIap https://t.co/Czg3iTjlyo','NeoEnigma','2022-07-20','','','',''),('1549701077582417921','https://t.co/uPtod9fFyx','mnotarianni','2022-07-20','','','',''),('1549697283456901120','RT @macitynet: SMS truffa, come funzionano e come bloccarli https://t.co/k9tFep0O00','Dario_Gandini','2022-07-20','','','',''),('1549694121501003776','SMS truffa, come funzionano e come bloccarli https://t.co/k9tFep0O00','macitynet','2022-07-20','','','',''),('1549632812755689473','Con un SMS ti prosciugano il conto corrente : la truffa della bolletta non pagata  https://t.co/WwuveXNuMr','allertapericoli','2022-07-20','','','',''),('1549490242494799876','RT @CeotechI: SMS truffa, come riconoscerli e difendersi\n#Antimalware #Antivirus #Consigli #DatiSensibili #Hacking #Malware #Notizia #Phish…','83napolano','2022-07-19','','','',''),('1549479950327095297','RT @CeotechI: SMS truffa, come riconoscerli e difendersi\n#Antimalware #Antivirus #Consigli #DatiSensibili #Hacking #Malware #Notizia #Phish…','CF22092013','2022-07-19','','','',''),('1549451883475079169','SMS truffa: come funzionano e come difendersi https://t.co/E7MjZ7ReqK','telodogratis','2022-07-19','','','',''),('1549450148580917250','#SMS #truffa: come funzionano e come difendersi\n\nhttps://t.co/iHPmwf4ydW\n\n#tech #smartphone','Giulio_Minotti','2022-07-19','','','',''),('1549436915610419201','RT @DomaniGiornale: Vi è mai capitato di ricevere chiamate, sms o mail da soggetti terzi per convincervi a investire in azioni #Amazon? \n\nA…','PazzoPerDomani','2022-07-19','','','',''),('1549427595015585794','Vi è mai capitato di ricevere chiamate, sms o mail da soggetti terzi per convincervi a investire in azioni #Amazon? \n\nAttenti alla truffa. Il caso raccontato da un lettore di Domani 👇\n\nhttps://t.co/CEufVpOv71','DomaniGiornale','2022-07-19','','','',''),('1549423155369938950','Top story: SMS truffa: Panda Security ti aiuta a scoprire come funzionano e come bloccarli | webcomunicati https://t.co/L8Fyq5gwNy, see more https://t.co/6S9WAtD9Bp','webcomunicati','2022-07-19','','','',''),('1549408756819165195','RT @CeotechI: SMS truffa, come riconoscerli e difendersi\n#Antimalware #Antivirus #Consigli #DatiSensibili #Hacking #Malware #Notizia #Phish…','CeotechI','2022-07-19','','','',''),('1549405950821416961','SMS truffa: Panda Security ti aiuta a scoprire come funzionano e come bloccarli https://t.co/L8Fyq5gwNy','webcomunicati','2022-07-19','','','',''),('1549292633385799680','RT @CeotechI: SMS truffa, come riconoscerli e difendersi\n#Antimalware #Antivirus #Consigli #DatiSensibili #Hacking #Malware #Notizia #Phish…','techie_wiz','2022-07-19','','','',''),('1549292261602738176','SMS truffa, come riconoscerli e difendersi\n#Antimalware #Antivirus #Consigli #DatiSensibili #Hacking #Malware #Notizia #Phishing #Protezione #Sicurezza #Smartphone #Smishing #SMS #Tech #TechNews #Truffa #Truffatori\n\nhttps://t.co/gyGNOZp1rp https://t.co/IDDfnvM9Tn','CeotechI','2022-07-19','https://pbs.twimg.com/media/FYAxGiDWIAAa9uV.jpg',' \n','',''),('1549271346458333185','RT @BibiFabrizio: SMS truffa: Panda Security ci aiuta a scoprire come funzionano e come bloccarli #CyberSecurity #pandasecurity https://t.c…','CyberSecHub0','2022-07-19','','','',''),('1549258870828269574','SMS truffa: Panda Security ci aiuta a scoprire come funzionano e come bloccarli #CyberSecurity #pandasecurity https://t.co/XZ104mawz2 https://t.co/WfSFKHfV60','BibiFabrizio','2022-07-19','https://pbs.twimg.com/media/FYASuv_XgAA2pBR.jpg',' \n','',''),('1549140331538653185','https://t.co/Vz9CmKhzVZ','CSCOMPUTER3','2022-07-18','','','',''),('1549099263015124992','@QueeeN_A @elizha323 @Ele_125 Anche perché il pubblico paga sms e se il vincitore è prestabilito tratterebbesi di truffa.','MangelaVilo','2022-07-18','','','',''),('1549080306459635713','Vi è mai capitato di ricevere chiamate, sms o mail da soggetti terzi per convincervi a investire in azioni #Amazon? \n\nAttenti alla truffa. Il caso raccontato da un lettore di Domani 👇\n\nhttps://t.co/CEufVq65Yz','DomaniGiornale','2022-07-18','','','',''),('1549003719412424706','RT @Digital_Day: Nessuna persona ha mai richiesto servizi a pagamento via SMS: era tutta una truffa https://t.co/xueWipN5po','EnzoEsco','2022-07-18','','','',''),('1548958873305899009','SMS truffa: Panda Security ti aiuta a scoprire come funzionano e come bloccarli https://t.co/9wwUQ6wTv1 https://t.co/57A4XnltbW','smartphone_ita','2022-07-18','https://pbs.twimg.com/media/FX8B4yEXkAgCLXb.png','poor ee\n\n \n','',''),('1548956636756299778','SMS truffa: cosa sono e come bloccarli https://t.co/BFMwyF6b7i','puntotweet','2022-07-18','','','',''),('1552342757359878150','RT @VolpeReal: La classica truffa di cui tutti ridono ma molti ci cascano.\n\nAvete presente tutti quegli account che improvvisamente su Inst…','LaSignoraLupo','2022-07-27','','','',''),('1552340435007307776','RT @PosteNews: @antoniorosato72 Grazie per la segnalazione. Si tratta di un tentativo di truffa. Poste Italiane non chiede mai attraverso e…','antoniorosato72','2022-07-27','','',' Poste Italiane',''),('1552337898632105986','@antoniorosato72 Grazie per la segnalazione. Si tratta di un tentativo di truffa. Poste Italiane non chiede mai attraverso email, lettere, sms o telefonate, di fornire codici di accesso al sito https://t.co/HGn1gCQo98, otp o dati delle carte. Pertanto ti invitiamo a non rispondere al messaggio.','PosteNews','2022-07-27','','',' Poste Italiane',''),('1552335957931737089','RT @VolpeReal: La classica truffa di cui tutti ridono ma molti ci cascano.\n\nAvete presente tutti quegli account che improvvisamente su Inst…','flameparanoia','2022-07-27','','','',''),('1552325687205367810','RT @VolpeReal: La classica truffa di cui tutti ridono ma molti ci cascano.\n\nAvete presente tutti quegli account che improvvisamente su Inst…','magicadespell78','2022-07-27','','','',''),('1552320952872173569','La classica truffa di cui tutti ridono ma molti ci cascano.\n\nAvete presente tutti quegli account che improvvisamente su Instagram sono diventati account che pubblicizzano bitcoin?\n\nHanno cliccato su sms così e gli hanno ciulato l\'account https://t.co/NIQafk2gzA','VolpeReal','2022-07-27','https://pbs.twimg.com/media/FYrzrWhX0Asnrj5.jpg','Non saremo In grado di mantenere\nattivo ‘Business Manager’ finche\nnon avral verificato il tuo numero:\nhttps://www.it-faceboook.me\n154.,7~\n\nC\n\nTocca per caricare l\'anteprima\n',' Instagram','https://www.it-faceboook.me154.'),('1552177343501844480','RT @chilhavistorai3: \"Ricevi il buono benzina\": Attenzione a SMS come questo intestati apparentemente alla Regione Lazio. Invitano a clicca…','angelslight13','2022-07-27','','','',''),('1552166342589124609','RT @chilhavistorai3: \"Ricevi il buono benzina\": Attenzione a SMS come questo intestati apparentemente alla Regione Lazio. Invitano a clicca…','kebilu','2022-07-27','','','',''),('1552014358988849155','RT @chilhavistorai3: \"Ricevi il buono benzina\": Attenzione a SMS come questo intestati apparentemente alla Regione Lazio. Invitano a clicca…','StellaSirio60','2022-07-26','','','',''),('1551993880949755904','RT @chilhavistorai3: \"Ricevi il buono benzina\": Attenzione a SMS come questo intestati apparentemente alla Regione Lazio. Invitano a clicca…','msantarella','2022-07-26','','','',''),('1551965966384390149','RT @chilhavistorai3: \"Ricevi il buono benzina\": Attenzione a SMS come questo intestati apparentemente alla Regione Lazio. Invitano a clicca…','AntonioSpadafo4','2022-07-26','','','',''),('1551952661913772032','RT @chilhavistorai3: \"Ricevi il buono benzina\": Attenzione a SMS come questo intestati apparentemente alla Regione Lazio. Invitano a clicca…','SilviaC25648506','2022-07-26','','','',''),('1551947628736385025','RT @chilhavistorai3: \"Ricevi il buono benzina\": Attenzione a SMS come questo intestati apparentemente alla Regione Lazio. Invitano a clicca…','MarekNapoli','2022-07-26','','','',''),('1551928495999164416','RT @chilhavistorai3: \"Ricevi il buono benzina\": Attenzione a SMS come questo intestati apparentemente alla Regione Lazio. Invitano a clicca…','Vispa2Vispa','2022-07-26','','','',''),('1551918591724998657','RT @chilhavistorai3: \"Ricevi il buono benzina\": Attenzione a SMS come questo intestati apparentemente alla Regione Lazio. Invitano a clicca…','botero1960','2022-07-26','','','',''),('1551918508404920321','\"Ricevi il buono benzina\": Attenzione a SMS come questo intestati apparentemente alla Regione Lazio. Invitano a cliccare un link per ottenere un presunto buono per il carburante, ma in realtà si tratta di una truffa per rubare dati. Ci sono altre segnalazioni? #chilhavisto https://t.co/Gw0v3xfJ7s','chilhavistorai3','2022-07-26','https://pbs.twimg.com/media/FYlza0ZWIAE4A6L.jpg','ul So DR eR:\n\n< Reg. Lazio &G :\n\nGentile utente, ricevi anche tu il\nbuono benzina NW\n\n  \n',' Lazio &G',''),('1551879972670816256','@BarbaraVaria @Veronic69865213 È  un SMS truffa da Cls non GLS','CristinaRista','2022-07-26','','','',''),('1551855528590049281','La truffa del finto SMS di MPS al quale NON bisogna MAI rispondere https://t.co/ETtiu0MjzJ','FederikaVitale','2022-07-26','','',' MPS',''),('1551854420463345664','La truffa del finto SMS di MPS al quale NON bisogna MAI rispondere - | https://t.co/QDfpF8Uv58 https://t.co/WcSl7Csea3','focusTECHit','2022-07-26','https://pbs.twimg.com/media/FYlLXriXoAEauZw.jpg','20:37\n\nBancaMPS\n\nAccesso effettuato al suo Digital\nBanking alle ore 20:32 da un nuovo\ndispositivo, se non sei tu accedi\nsubito al modulo https //Ig-\nconsulent.me\n\nDY)\n',' MPS',''),('1551601833554108416','RT @INPS_it: Sono in corso nuovi tentativi di #truffa tramite #SMS!\n⚠️#Inps per motivi di sicurezza non invia mai SMS con #link.\n#InpsComun…','DottPoggi','2022-07-25','','','',''),('1551459148721803264','RT @INPS_it: Sono in corso nuovi tentativi di #truffa tramite #SMS!\n⚠️#Inps per motivi di sicurezza non invia mai SMS con #link.\n#InpsComun…','consumatorirt','2022-07-25','','','',''),('1551332988289441793','@CobainsWings Anche quando ti chiedono la mail è una truffa, qualsiasi cosa ti porti fuori dall\'app di vinted (anche sms) è tutta roba fasulla :( di solito prendono di mira i nuovi utenti','destroyawg','2022-07-24','','','',''),('1551181135690047488','RT @INPS_it: Sono in corso nuovi tentativi di #truffa tramite #SMS!\n⚠️#Inps per motivi di sicurezza non invia mai SMS con #link.\n#InpsComun…','AMaREOnlus','2022-07-24','','','',''),('1551174653833527296','RT @INPS_it: Sono in corso nuovi tentativi di #truffa tramite #SMS!\n⚠️#Inps per motivi di sicurezza non invia mai SMS con #link.\n#InpsComun…','ubaldi_marta','2022-07-24','','','',''),('1551160892255092738','RT @INPS_it: Sono in corso nuovi tentativi di #truffa tramite #SMS!\n⚠️#Inps per motivi di sicurezza non invia mai SMS con #link.\n#InpsComun…','crisebasta','2022-07-24','','','',''),('1551126383144968192','RT @INPS_it: Sono in corso nuovi tentativi di #truffa tramite #SMS!\n⚠️#Inps per motivi di sicurezza non invia mai SMS con #link.\n#InpsComun…','TaxSacile','2022-07-24','','','',''),('1551075754519146496','Email e SMS Scam: ecco come riconoscere i messaggi truffa che svuotano il conto corrente https://t.co/y5AHuwKFCH https://t.co/QFipfZ4ajb','PatosNokia','2022-07-24','https://pbs.twimg.com/media/FYaHLfIVUAELbzI.jpg','Congratulazioni, il tuo numero di\ntelefono + e stato\nselezionato casualmente come\ndispositivo mobile fortunato di oggi!\nHai un (1) premio non reclamato.\nReclama il tuo premio ora!\n\n \n',' https://t.co/y5AHuwKFCH',''),('1551006047078342659','RT @INPS_it: Sono in corso nuovi tentativi di #truffa tramite #SMS!\n⚠️#Inps per motivi di sicurezza non invia mai SMS con #link.\n#InpsComun…','hectorpesantez','2022-07-24','','','',''),('1550997016188174340','RT @INPS_it: Sono in corso nuovi tentativi di #truffa tramite #SMS!\n⚠️#Inps per motivi di sicurezza non invia mai SMS con #link.\n#InpsComun…','udiconer','2022-07-24','','','',''),('1550866315904172032','RT @INPS_it: Sono in corso nuovi tentativi di #truffa tramite #SMS!\n⚠️#Inps per motivi di sicurezza non invia mai SMS con #link.\n#InpsComun…','alessan59330343','2022-07-23','','','',''),('1550866208366403584','RT @INPS_it: Sono in corso nuovi tentativi di #truffa tramite #SMS!\n⚠️#Inps per motivi di sicurezza non invia mai SMS con #link.\n#InpsComun…','graziella_lai','2022-07-23','','','',''),('1550863006292115457','RT @INPS_it: Sono in corso nuovi tentativi di #truffa tramite #SMS!\n⚠️#Inps per motivi di sicurezza non invia mai SMS con #link.\n#InpsComun…','LidiaRizzo7','2022-07-23','','','',''),('1550862650174803970','RT @INPS_it: Sono in corso nuovi tentativi di #truffa tramite #SMS!\n⚠️#Inps per motivi di sicurezza non invia mai SMS con #link.\n#InpsComun…','Angelo10424676','2022-07-23','','','',''),('1550857682093047808','RT @INPS_it: Sono in corso nuovi tentativi di #truffa tramite #SMS!\n⚠️#Inps per motivi di sicurezza non invia mai SMS con #link.\n#InpsComun…','luciascarpelli','2022-07-23','','','',''),('1550856396664700929','RT @INPS_it: Sono in corso nuovi tentativi di #truffa tramite #SMS!\n⚠️#Inps per motivi di sicurezza non invia mai SMS con #link.\n#InpsComun…','rosina85165466','2022-07-23','','','',''),('1550846893021872129','RT @INPS_it: Sono in corso nuovi tentativi di #truffa tramite #SMS!\n⚠️#Inps per motivi di sicurezza non invia mai SMS con #link.\n#InpsComun…','JGhezza','2022-07-23','','','',''),('1550846563035107330','RT @INPS_it: Sono in corso nuovi tentativi di #truffa tramite #SMS!\n⚠️#Inps per motivi di sicurezza non invia mai SMS con #link.\n#InpsComun…','SergioZ01','2022-07-23','','','',''),('1550846042513575942','RT @INPS_it: Sono in corso nuovi tentativi di #truffa tramite #SMS!\n⚠️#Inps per motivi di sicurezza non invia mai SMS con #link.\n#InpsComun…','biblioveri','2022-07-23','','','',''),('1550844661916487682','RT @INPS_it: Sono in corso nuovi tentativi di #truffa tramite #SMS!\n⚠️#Inps per motivi di sicurezza non invia mai SMS con #link.\n#InpsComun…','de_giovannna','2022-07-23','','','',''),('1550843180223844355','Sono in corso nuovi tentativi di #truffa tramite #SMS!\n⚠️#Inps per motivi di sicurezza non invia mai SMS con #link.\n#InpsComunica #AttentiAlleTruffe #Smishing https://t.co/1Mk6PIZgmu','INPS_it','2022-07-23','https://pbs.twimg.com/media/FYROMHnXoAAnUCy.jpg','1432 AGOaa.\nEROGAZIONI - |.N.PS.\n\n \n\nNome Cognome\n\nData di nascita\n\nGG ~ / MM v-/ Ar WA v\n\nCodice Fiscale\n\nLimit’ 16chara . rs. “he ucters r waining: 16.\n\nSront : Cart. laentit®\n\nS-egli “1e NM ssun file selezionato\n\nAssicu tic’. tutti gli angoli appaiono nella foto e che\ntutti | dai, sul documento siano ben leggibili.\n\nRetro Carta Identita\n\nScegli file Nessun file selezionato\n\nAssicurati che tutti gli angoli appaiono nella foto e che\ntutti i dati sul documento siano ben leggibili.\n\nSelfie con documento in mano\n\nScegli file Nessun file selezionato\n\nTenere il documento di identita in mano pochi cm sotto\nal mento, non coprire il volto.\n\nConferma\n','',''),('1550830593696571393','L’operatore ha cambiato i dati senza il mio consenso, ho espressamente richiesto di non farlo, il numero telefonico per l’invio dei dati di sicurezza è lo stesso di quello usato per la truffa, mi è arrivato un codice per sms senza che ne sapessi il perché #BancoPosta 💩💩💩💩💩💩','Gult74','2022-07-23','','','',''),('1550143002827440138','Panda Security spiega i messaggi smishing: cosa sono e come bloccare gli SMS truffa https://t.co/BwoObspdpv','mondomobileweb','2022-07-21','','','',''),('1550133310076043265','Panda Security spiega i messaggi smishing: cosa sono e come bloccare gli SMS truffa https://t.co/lt6yIwYRv1','TelefoniaTech','2022-07-21','','','',''),('1550035309664034816','SMS truffa: ecco come riconoscerli e bloccarli https://t.co/WjZBQ5gLI1 https://t.co/fVeaEOiUgv','davidenovelli','2022-07-21','https://pbs.twimg.com/media/FYLU5lgXgAQIG2Q.png','poor ee\n\n \n','',''),('1550028166491770880','SMS truffa: ecco come riconoscerli e bloccarli https://t.co/QDQcO7vqxF','_TechDifferent_','2022-07-21','','','',''),('1550026806979309569','SMS truffa: Panda Security ti aiuta a scoprire come funzionano e come bloccarli https://t.co/crLPSHfL5b https://t.co/LYMpKXCrJa','alfio82it','2022-07-21','https://pbs.twimg.com/media/FYLNKs9VQAAu0sd.jpg',' \n','',''),('1550024286982660096','SMS truffa: Panda Security ti aiuta a scoprire come funzionano e come bloccarli https://t.co/GlvaQFvBFt https://t.co/jukz5yiBNA','federiko87','2022-07-21','https://pbs.twimg.com/media/FYLK4AdUUAE3JtE.jpg',' \n','',''),('1550005657662898178','SMS truffa: Panda Security ti aiuta a scoprire come funzionano e come bloccarli https://t.co/KCJn0abDy4','Ucciucci73','2022-07-21','','','',''),('1553970961711603712','RT @marcocc: (1/2) Attenzione a questo diffusissimo #sms perché è una #trappola per rubarci le #credenziali di accesso al nostro #contoonli…','ivncmp','2022-08-01','','','',''),('1553966200161542145','RT @marcocc: (1/2) Attenzione a questo diffusissimo #sms perché è una #trappola per rubarci le #credenziali di accesso al nostro #contoonli…','fabiochiarugi','2022-08-01','','','',''),('1553961448296030209','RT @marcocc: (1/2) Attenzione a questo diffusissimo #sms perché è una #trappola per rubarci le #credenziali di accesso al nostro #contoonli…','NeraGiacomo','2022-08-01','','','',''),('1553961311897264129','(1/2) Attenzione a questo diffusissimo #sms perché è una #trappola per rubarci le #credenziali di accesso al nostro #contoonline. L\'sms appare mandato dalla #BancaMPS, ma in realtà il mittente è stato falsificato e la banca in questione è estranea alla #truffa. https://t.co/qpkGRakz0O','marcocc','2022-08-01','https://pbs.twimg.com/media/FZDHk_xWIAEyHdL.jpg','BancaMPS\n\nSistema Sicuro\n\ne\' stata richiesta\nun\'autorizzazione di spesa per\neuro 441,72\n\nPer negare l\'operazione accedi:\nnttrs://monteanp.eu/mobile/\n\n \n','',''),('1553807849272270850','#Regno Unito contro chiamate e SMS truffa: ridotti del 97% nel 2022! https://t.co/VpzW2BAuDI','andreastoolbox','2022-07-31','','','',''),('1553493793982349313','RT @Andrea45922855: https://t.co/oQHInd4vmP è una truffa','Andrea04091989','2022-07-30','','','',''),('1553488369769906177','https://t.co/oQHInd4vmP è una truffa','Andrea45922855','2022-07-30','','','',''),('1553255754316005376','RT @nicolaferrini: SMS “Notifica IoSicuro” di #INGDIRECT, nuova truffa di #phishing bancario https://t.co/9WVnR219Ic https://t.co/Fsw3MU8MHn','MonicaSpizzico','2022-07-30','https://pbs.twimg.com/media/FY1BJFnVEAA9FNm.jpg','n\n\n \n','',''),('1553077958700572674','nuova truffa : arriva SMS da NEXI..dice che qualcuno ha effettuato un pagamento con la tua carta NEXI ed invita cliccare sul link in calce per ovviare al disguido : non fatelo , è  una truffa .','vikiluda','2022-07-29','','','',''),('1553074428896067584','https://t.co/um87INUn7R','albertmistral','2022-07-29','','','',''),('1553074264143691778','https://t.co/Ousbja1EBN','Albert86795381','2022-07-29','','','',''),('1553035279434272768','SMS “Notifica IoSicuro” di ING DIRECT, nuova truffa di phishing bancario https://t.co/YryssBhjzB @Cybersec360','StudioIT_DG','2022-07-29','','',' ING DIRECT',''),('1552975955504893953','RT @Cybersec360: SMS “Notifica IoSicuro” di ING DIRECT, nuova truffa di phishing bancario https://t.co/GczjpbRx77 https://t.co/kgpFU0aJ10','LumITCyberSec','2022-07-29','https://pbs.twimg.com/media/FY0hyRFVsAA_aGW.jpg','n\n\n \n',' ING DIRECT',''),('1552969196392198144','RT @nicolaferrini: SMS “Notifica IoSicuro” di #INGDIRECT, nuova truffa di #phishing bancario https://t.co/9WVnR219Ic https://t.co/Fsw3MU8MHn','ictpower_it','2022-07-29','https://pbs.twimg.com/media/FY1BJFnVEAA9FNm.jpg','n\n\n \n','',''),('1552969072983175169','SMS “Notifica IoSicuro” di #INGDIRECT, nuova truffa di #phishing bancario https://t.co/9WVnR219Ic https://t.co/Fsw3MU8MHn','nicolaferrini','2022-07-29','https://pbs.twimg.com/media/FY1BJFnVEAA9FNm.jpg','n\n\n \n','',''),('1552937709559226368','RT @Cybersec360: SMS “Notifica IoSicuro” di ING DIRECT, nuova truffa di phishing bancario https://t.co/GczjpbRx77 https://t.co/kgpFU0aJ10','Ione_Ferranti','2022-07-29','https://pbs.twimg.com/media/FY0hyRFVsAA_aGW.jpg','n\n\n \n',' ING DIRECT',''),('1552934596349530113','SMS “Notifica IoSicuro” di ING DIRECT, nuova truffa di phishing bancario https://t.co/GczjpbRx77 https://t.co/kgpFU0aJ10','Cybersec360','2022-07-29','https://pbs.twimg.com/media/FY0hyRFVsAA_aGW.jpg','n\n\n \n',' ING DIRECT',''),('1552917609288306688','SMS “Notifica IoSicuro” di ING DIRECT, nuova truffa di phishing bancario https://t.co/iNTfZ49HY0 https://t.co/5NPv3ouhoV','massy971','2022-07-29','https://pbs.twimg.com/media/FY0SVfjUsAEJ4Sg.jpg','n\n\n \n',' ING DIRECT',''),('1552745587606540288','RT @VolpeReal: La classica truffa di cui tutti ridono ma molti ci cascano.\n\nAvete presente tutti quegli account che improvvisamente su Inst…','GiuseppeCapu','2022-07-28','','','',''),('1552342757359878150','RT @VolpeReal: La classica truffa di cui tutti ridono ma molti ci cascano.\n\nAvete presente tutti quegli account che improvvisamente su Inst…','LaSignoraLupo','2022-07-27','','','',''),('1552340435007307776','RT @PosteNews: @antoniorosato72 Grazie per la segnalazione. Si tratta di un tentativo di truffa. Poste Italiane non chiede mai attraverso e…','antoniorosato72','2022-07-27','','',' Poste Italiane',''),('1552337898632105986','@antoniorosato72 Grazie per la segnalazione. Si tratta di un tentativo di truffa. Poste Italiane non chiede mai attraverso email, lettere, sms o telefonate, di fornire codici di accesso al sito https://t.co/HGn1gCQo98, otp o dati delle carte. Pertanto ti invitiamo a non rispondere al messaggio.','PosteNews','2022-07-27','','',' Poste Italiane',''),('1552335957931737089','RT @VolpeReal: La classica truffa di cui tutti ridono ma molti ci cascano.\n\nAvete presente tutti quegli account che improvvisamente su Inst…','flameparanoia','2022-07-27','','','',''),('1552325687205367810','RT @VolpeReal: La classica truffa di cui tutti ridono ma molti ci cascano.\n\nAvete presente tutti quegli account che improvvisamente su Inst…','magicadespell78','2022-07-27','','','',''),('1552320952872173569','La classica truffa di cui tutti ridono ma molti ci cascano.\n\nAvete presente tutti quegli account che improvvisamente su Instagram sono diventati account che pubblicizzano bitcoin?\n\nHanno cliccato su sms così e gli hanno ciulato l\'account https://t.co/NIQafk2gzA','VolpeReal','2022-07-27','https://pbs.twimg.com/media/FYrzrWhX0Asnrj5.jpg','Non saremo In grado di mantenere\nattivo ‘Business Manager’ finche\nnon avral verificato il tuo numero:\nhttps://www.it-faceboook.me\n154.,7~\n\nC\n\nTocca per caricare l\'anteprima\n',' Instagram','https://www.it-faceboook.me154.'),('1552177343501844480','RT @chilhavistorai3: \"Ricevi il buono benzina\": Attenzione a SMS come questo intestati apparentemente alla Regione Lazio. Invitano a clicca…','angelslight13','2022-07-27','','','',''),('1552166342589124609','RT @chilhavistorai3: \"Ricevi il buono benzina\": Attenzione a SMS come questo intestati apparentemente alla Regione Lazio. Invitano a clicca…','kebilu','2022-07-27','','','',''),('1552014358988849155','RT @chilhavistorai3: \"Ricevi il buono benzina\": Attenzione a SMS come questo intestati apparentemente alla Regione Lazio. Invitano a clicca…','StellaSirio60','2022-07-26','','','',''),('1551993880949755904','RT @chilhavistorai3: \"Ricevi il buono benzina\": Attenzione a SMS come questo intestati apparentemente alla Regione Lazio. Invitano a clicca…','msantarella','2022-07-26','','','',''),('1551965966384390149','RT @chilhavistorai3: \"Ricevi il buono benzina\": Attenzione a SMS come questo intestati apparentemente alla Regione Lazio. Invitano a clicca…','AntonioSpadafo4','2022-07-26','','','',''),('1551952661913772032','RT @chilhavistorai3: \"Ricevi il buono benzina\": Attenzione a SMS come questo intestati apparentemente alla Regione Lazio. Invitano a clicca…','SilviaC25648506','2022-07-26','','','',''),('1551947628736385025','RT @chilhavistorai3: \"Ricevi il buono benzina\": Attenzione a SMS come questo intestati apparentemente alla Regione Lazio. Invitano a clicca…','MarekNapoli','2022-07-26','','','',''),('1551928495999164416','RT @chilhavistorai3: \"Ricevi il buono benzina\": Attenzione a SMS come questo intestati apparentemente alla Regione Lazio. Invitano a clicca…','Vispa2Vispa','2022-07-26','','','',''),('1551918591724998657','RT @chilhavistorai3: \"Ricevi il buono benzina\": Attenzione a SMS come questo intestati apparentemente alla Regione Lazio. Invitano a clicca…','botero1960','2022-07-26','','','',''),('1551918508404920321','\"Ricevi il buono benzina\": Attenzione a SMS come questo intestati apparentemente alla Regione Lazio. Invitano a cliccare un link per ottenere un presunto buono per il carburante, ma in realtà si tratta di una truffa per rubare dati. Ci sono altre segnalazioni? #chilhavisto https://t.co/Gw0v3xfJ7s','chilhavistorai3','2022-07-26','https://pbs.twimg.com/media/FYlza0ZWIAE4A6L.jpg','ul So DR eR:\n\n< Reg. Lazio &G :\n\nGentile utente, ricevi anche tu il\nbuono benzina NW\n\n  \n',' Lazio &G',''),('1551879972670816256','@BarbaraVaria @Veronic69865213 È  un SMS truffa da Cls non GLS','CristinaRista','2022-07-26','','','',''),('1551855528590049281','La truffa del finto SMS di MPS al quale NON bisogna MAI rispondere https://t.co/ETtiu0MjzJ','FederikaVitale','2022-07-26','','',' MPS',''),('1551854420463345664','La truffa del finto SMS di MPS al quale NON bisogna MAI rispondere - | https://t.co/QDfpF8Uv58 https://t.co/WcSl7Csea3','focusTECHit','2022-07-26','https://pbs.twimg.com/media/FYlLXriXoAEauZw.jpg','20:37\n\nBancaMPS\n\nAccesso effettuato al suo Digital\nBanking alle ore 20:32 da un nuovo\ndispositivo, se non sei tu accedi\nsubito al modulo https //Ig-\nconsulent.me\n\nDY)\n',' MPS',''),('1551601833554108416','RT @INPS_it: Sono in corso nuovi tentativi di #truffa tramite #SMS!\n⚠️#Inps per motivi di sicurezza non invia mai SMS con #link.\n#InpsComun…','DottPoggi','2022-07-25','','','',''),('1554095050057027586','RT @chilhavistorai3: \"Risulta un\'anomalia sul conto\": Continua a mietere vittime la truffa del finto #sms dalle banche. Chiede di cliccare…','PatriziaOrlan11','2022-08-01','','','',''),('1554072422046990336','RT @chilhavistorai3: \"Risulta un\'anomalia sul conto\": Continua a mietere vittime la truffa del finto #sms dalle banche. Chiede di cliccare…','monicamondini','2022-08-01','','','',''),('1554071912015450112','RT @chilhavistorai3: \"Risulta un\'anomalia sul conto\": Continua a mietere vittime la truffa del finto #sms dalle banche. Chiede di cliccare…','MessinaAgata','2022-08-01','','','',''),('1554069290411855872','RT @chilhavistorai3: \"Risulta un\'anomalia sul conto\": Continua a mietere vittime la truffa del finto #sms dalle banche. Chiede di cliccare…','AntonioSpadafo4','2022-08-01','','','',''),('1554067192471232513','RT @chilhavistorai3: \"Risulta un\'anomalia sul conto\": Continua a mietere vittime la truffa del finto #sms dalle banche. Chiede di cliccare…','Ilamaiunagioia','2022-08-01','','','',''),('1554066848311906305','RT @marcocc: (1/2) Attenzione a questo diffusissimo #sms perché è una #trappola per rubarci le #credenziali di accesso al nostro #contoonli…','capitainweb_','2022-08-01','','','',''),('1554063696409788416','RT @chilhavistorai3: \"Risulta un\'anomalia sul conto\": Continua a mietere vittime la truffa del finto #sms dalle banche. Chiede di cliccare…','lupetta60','2022-08-01','','','',''),('1554063472165638145','RT @chilhavistorai3: \"Risulta un\'anomalia sul conto\": Continua a mietere vittime la truffa del finto #sms dalle banche. Chiede di cliccare…','PollicinoAndrea','2022-08-01','','','',''),('1554063355018727424','\"Risulta un\'anomalia sul conto\": Continua a mietere vittime la truffa del finto #sms dalle banche. Chiede di cliccare un link per effettuare una verifica ma si tratta di un tentativo di #phishing per rubare dati bancari. Ci sono altre segnalazioni? #chilhavisto https://t.co/8UFeHciVIJ','chilhavistorai3','2022-08-01','https://pbs.twimg.com/media/FZEkYiIXgAIXTbg.jpg','Postelinfo\nogqgi 17:29\n\nGentile Cliente, risulta un anomalia sul\nsuo conto,la invitiamo a verificare al\nseguente link: https://mypes-\n\npLe]aaM Tk-A Lai be? eden ERRATA |\n\nATR,\nTih\n','',''),('1553970961711603712','RT @marcocc: (1/2) Attenzione a questo diffusissimo #sms perché è una #trappola per rubarci le #credenziali di accesso al nostro #contoonli…','ivncmp','2022-08-01','','','',''),('1553966200161542145','RT @marcocc: (1/2) Attenzione a questo diffusissimo #sms perché è una #trappola per rubarci le #credenziali di accesso al nostro #contoonli…','fabiochiarugi','2022-08-01','','','',''),('1553961448296030209','RT @marcocc: (1/2) Attenzione a questo diffusissimo #sms perché è una #trappola per rubarci le #credenziali di accesso al nostro #contoonli…','NeraGiacomo','2022-08-01','','','',''),('1553961311897264129','(1/2) Attenzione a questo diffusissimo #sms perché è una #trappola per rubarci le #credenziali di accesso al nostro #contoonline. L\'sms appare mandato dalla #BancaMPS, ma in realtà il mittente è stato falsificato e la banca in questione è estranea alla #truffa. https://t.co/qpkGRakz0O','marcocc','2022-08-01','https://pbs.twimg.com/media/FZDHk_xWIAEyHdL.jpg','BancaMPS\n\nSistema Sicuro\n\ne\' stata richiesta\nun\'autorizzazione di spesa per\neuro 441,72\n\nPer negare l\'operazione accedi:\nnttrs://monteanp.eu/mobile/\n\n \n','',''),('1553807849272270850','#Regno Unito contro chiamate e SMS truffa: ridotti del 97% nel 2022! https://t.co/VpzW2BAuDI','andreastoolbox','2022-07-31','','','',''),('1553493793982349313','RT @Andrea45922855: https://t.co/oQHInd4vmP è una truffa','Andrea04091989','2022-07-30','','','',''),('1553488369769906177','https://t.co/oQHInd4vmP è una truffa','Andrea45922855','2022-07-30','','','',''),('1553255754316005376','RT @nicolaferrini: SMS “Notifica IoSicuro” di #INGDIRECT, nuova truffa di #phishing bancario https://t.co/9WVnR219Ic https://t.co/Fsw3MU8MHn','MonicaSpizzico','2022-07-30','https://pbs.twimg.com/media/FY1BJFnVEAA9FNm.jpg','n\n\n \n','',''),('1553077958700572674','nuova truffa : arriva SMS da NEXI..dice che qualcuno ha effettuato un pagamento con la tua carta NEXI ed invita cliccare sul link in calce per ovviare al disguido : non fatelo , è  una truffa .','vikiluda','2022-07-29','','','',''),('1553074428896067584','https://t.co/um87INUn7R','albertmistral','2022-07-29','','','',''),('1553074264143691778','https://t.co/Ousbja1EBN','Albert86795381','2022-07-29','','','',''),('1553035279434272768','SMS “Notifica IoSicuro” di ING DIRECT, nuova truffa di phishing bancario https://t.co/YryssBhjzB @Cybersec360','StudioIT_DG','2022-07-29','','',' ING DIRECT',''),('1552975955504893953','RT @Cybersec360: SMS “Notifica IoSicuro” di ING DIRECT, nuova truffa di phishing bancario https://t.co/GczjpbRx77 https://t.co/kgpFU0aJ10','LumITCyberSec','2022-07-29','https://pbs.twimg.com/media/FY0hyRFVsAA_aGW.jpg','n\n\n \n',' ING DIRECT',''),('1552969196392198144','RT @nicolaferrini: SMS “Notifica IoSicuro” di #INGDIRECT, nuova truffa di #phishing bancario https://t.co/9WVnR219Ic https://t.co/Fsw3MU8MHn','ictpower_it','2022-07-29','https://pbs.twimg.com/media/FY1BJFnVEAA9FNm.jpg','n\n\n \n','',''),('1552969072983175169','SMS “Notifica IoSicuro” di #INGDIRECT, nuova truffa di #phishing bancario https://t.co/9WVnR219Ic https://t.co/Fsw3MU8MHn','nicolaferrini','2022-07-29','https://pbs.twimg.com/media/FY1BJFnVEAA9FNm.jpg','n\n\n \n','',''),('1552937709559226368','RT @Cybersec360: SMS “Notifica IoSicuro” di ING DIRECT, nuova truffa di phishing bancario https://t.co/GczjpbRx77 https://t.co/kgpFU0aJ10','Ione_Ferranti','2022-07-29','https://pbs.twimg.com/media/FY0hyRFVsAA_aGW.jpg','n\n\n \n',' ING DIRECT',''),('1552934596349530113','SMS “Notifica IoSicuro” di ING DIRECT, nuova truffa di phishing bancario https://t.co/GczjpbRx77 https://t.co/kgpFU0aJ10','Cybersec360','2022-07-29','https://pbs.twimg.com/media/FY0hyRFVsAA_aGW.jpg','n\n\n \n',' ING DIRECT',''),('1552917609288306688','SMS “Notifica IoSicuro” di ING DIRECT, nuova truffa di phishing bancario https://t.co/iNTfZ49HY0 https://t.co/5NPv3ouhoV','massy971','2022-07-29','https://pbs.twimg.com/media/FY0SVfjUsAEJ4Sg.jpg','n\n\n \n',' ING DIRECT',''),('1552745587606540288','RT @VolpeReal: La classica truffa di cui tutti ridono ma molti ci cascano.\n\nAvete presente tutti quegli account che improvvisamente su Inst…','GiuseppeCapu','2022-07-28','','','',''),('1552342757359878150','RT @VolpeReal: La classica truffa di cui tutti ridono ma molti ci cascano.\n\nAvete presente tutti quegli account che improvvisamente su Inst…','LaSignoraLupo','2022-07-27','','','',''),('1552340435007307776','RT @PosteNews: @antoniorosato72 Grazie per la segnalazione. Si tratta di un tentativo di truffa. Poste Italiane non chiede mai attraverso e…','antoniorosato72','2022-07-27','','',' Poste Italiane',''),('1552337898632105986','@antoniorosato72 Grazie per la segnalazione. Si tratta di un tentativo di truffa. Poste Italiane non chiede mai attraverso email, lettere, sms o telefonate, di fornire codici di accesso al sito https://t.co/HGn1gCQo98, otp o dati delle carte. Pertanto ti invitiamo a non rispondere al messaggio.','PosteNews','2022-07-27','','',' Poste Italiane',''),('1552335957931737089','RT @VolpeReal: La classica truffa di cui tutti ridono ma molti ci cascano.\n\nAvete presente tutti quegli account che improvvisamente su Inst…','flameparanoia','2022-07-27','','','',''),('1552325687205367810','RT @VolpeReal: La classica truffa di cui tutti ridono ma molti ci cascano.\n\nAvete presente tutti quegli account che improvvisamente su Inst…','magicadespell78','2022-07-27','','','',''),('1552320952872173569','La classica truffa di cui tutti ridono ma molti ci cascano.\n\nAvete presente tutti quegli account che improvvisamente su Instagram sono diventati account che pubblicizzano bitcoin?\n\nHanno cliccato su sms così e gli hanno ciulato l\'account https://t.co/NIQafk2gzA','VolpeReal','2022-07-27','https://pbs.twimg.com/media/FYrzrWhX0Asnrj5.jpg','Non saremo In grado di mantenere\nattivo ‘Business Manager’ finche\nnon avral verificato il tuo numero:\nhttps://www.it-faceboook.me\n154.,7~\n\nC\n\nTocca per caricare l\'anteprima\n',' Instagram','https://www.it-faceboook.me154.'),('1552177343501844480','RT @chilhavistorai3: \"Ricevi il buono benzina\": Attenzione a SMS come questo intestati apparentemente alla Regione Lazio. Invitano a clicca…','angelslight13','2022-07-27','','','',''),('1552166342589124609','RT @chilhavistorai3: \"Ricevi il buono benzina\": Attenzione a SMS come questo intestati apparentemente alla Regione Lazio. Invitano a clicca…','kebilu','2022-07-27','','','',''),('1552014358988849155','RT @chilhavistorai3: \"Ricevi il buono benzina\": Attenzione a SMS come questo intestati apparentemente alla Regione Lazio. Invitano a clicca…','StellaSirio60','2022-07-26','','','',''),('1551993880949755904','RT @chilhavistorai3: \"Ricevi il buono benzina\": Attenzione a SMS come questo intestati apparentemente alla Regione Lazio. Invitano a clicca…','msantarella','2022-07-26','','','',''),('1551965966384390149','RT @chilhavistorai3: \"Ricevi il buono benzina\": Attenzione a SMS come questo intestati apparentemente alla Regione Lazio. Invitano a clicca…','AntonioSpadafo4','2022-07-26','','','',''),('1551952661913772032','RT @chilhavistorai3: \"Ricevi il buono benzina\": Attenzione a SMS come questo intestati apparentemente alla Regione Lazio. Invitano a clicca…','SilviaC25648506','2022-07-26','','','',''),('1551947628736385025','RT @chilhavistorai3: \"Ricevi il buono benzina\": Attenzione a SMS come questo intestati apparentemente alla Regione Lazio. Invitano a clicca…','MarekNapoli','2022-07-26','','','',''),('1551928495999164416','RT @chilhavistorai3: \"Ricevi il buono benzina\": Attenzione a SMS come questo intestati apparentemente alla Regione Lazio. Invitano a clicca…','Vispa2Vispa','2022-07-26','','','',''),('1551918591724998657','RT @chilhavistorai3: \"Ricevi il buono benzina\": Attenzione a SMS come questo intestati apparentemente alla Regione Lazio. Invitano a clicca…','botero1960','2022-07-26','','','',''),('1551918508404920321','\"Ricevi il buono benzina\": Attenzione a SMS come questo intestati apparentemente alla Regione Lazio. Invitano a cliccare un link per ottenere un presunto buono per il carburante, ma in realtà si tratta di una truffa per rubare dati. Ci sono altre segnalazioni? #chilhavisto https://t.co/Gw0v3xfJ7s','chilhavistorai3','2022-07-26','https://pbs.twimg.com/media/FYlza0ZWIAE4A6L.jpg','ul So DR eR:\n\n< Reg. Lazio &G :\n\nGentile utente, ricevi anche tu il\nbuono benzina NW\n\n  \n',' Lazio &G',''),('1551879972670816256','@BarbaraVaria @Veronic69865213 È  un SMS truffa da Cls non GLS','CristinaRista','2022-07-26','','','',''),('1551855528590049281','La truffa del finto SMS di MPS al quale NON bisogna MAI rispondere https://t.co/ETtiu0MjzJ','FederikaVitale','2022-07-26','','',' MPS',''),('1551854420463345664','La truffa del finto SMS di MPS al quale NON bisogna MAI rispondere - | https://t.co/QDfpF8Uv58 https://t.co/WcSl7Csea3','focusTECHit','2022-07-26','https://pbs.twimg.com/media/FYlLXriXoAEauZw.jpg','20:37\n\nBancaMPS\n\nAccesso effettuato al suo Digital\nBanking alle ore 20:32 da un nuovo\ndispositivo, se non sei tu accedi\nsubito al modulo https //Ig-\nconsulent.me\n\nDY)\n',' MPS',''),('1551601833554108416','RT @INPS_it: Sono in corso nuovi tentativi di #truffa tramite #SMS!\n⚠️#Inps per motivi di sicurezza non invia mai SMS con #link.\n#InpsComun…','DottPoggi','2022-07-25','','','','');
/*!40000 ALTER TABLE `Twittdata` ENABLE KEYS */;
UNLOCK TABLES;

--
-- Table structure for table `Users`
--

DROP TABLE IF EXISTS `Users`;
/*!40101 SET @saved_cs_client     = @@character_set_client */;
/*!50503 SET character_set_client = utf8mb4 */;
CREATE TABLE `Users` (
  `id` int NOT NULL AUTO_INCREMENT,
  `email` varchar(63) DEFAULT NULL,
  `password` varchar(31) DEFAULT NULL,
  `typeofuser` varchar(31) DEFAULT NULL,
  PRIMARY KEY (`id`),
  UNIQUE KEY `email` (`email`)
) ENGINE=InnoDB AUTO_INCREMENT=18 DEFAULT CHARSET=utf8mb4 COLLATE=utf8mb4_0900_ai_ci;
/*!40101 SET character_set_client = @saved_cs_client */;

--
-- Dumping data for table `Users`
--

LOCK TABLES `Users` WRITE;
/*!40000 ALTER TABLE `Users` DISABLE KEYS */;
INSERT INTO `Users` VALUES (1,'bismirco@gmail.com','password','Organization'),(3,'org@org.it','org','Organization'),(4,'guest@g','g','User'),(5,'guest@g.it','guest','User'),(7,'a@a','a','Organization'),(10,'mirco@bisoffi','mirco','User'),(11,'mirco@mirco','mirco','User'),(12,'asd@d','','User'),(13,'asd@dd','as','Organization'),(14,'asd@as','asd','User'),(16,'asd@asddas','aeas','User'),(17,'ema@ema','ema','User');
/*!40000 ALTER TABLE `Users` ENABLE KEYS */;
UNLOCK TABLES;
/*!40103 SET TIME_ZONE=@OLD_TIME_ZONE */;

/*!40101 SET SQL_MODE=@OLD_SQL_MODE */;
/*!40014 SET FOREIGN_KEY_CHECKS=@OLD_FOREIGN_KEY_CHECKS */;
/*!40014 SET UNIQUE_CHECKS=@OLD_UNIQUE_CHECKS */;
/*!40101 SET CHARACTER_SET_CLIENT=@OLD_CHARACTER_SET_CLIENT */;
/*!40101 SET CHARACTER_SET_RESULTS=@OLD_CHARACTER_SET_RESULTS */;
/*!40101 SET COLLATION_CONNECTION=@OLD_COLLATION_CONNECTION */;
/*!40111 SET SQL_NOTES=@OLD_SQL_NOTES */;

-- Dump completed on 2022-08-02 20:43:14
